Country,Year,Status,Infant deaths,Percentage expenditure,Hepatitis B(men),Hepatitis B(women),Measles,Under-five deaths,Polio,Diphtheria ,HIV/AIDS,GDP,Schooling,Avg Life Expectancy,Avg Adult Mortality,GDP_Percent
Albania,2015,Developing,0,364.9752287,59,29,0,0,99.0,99.0,0.1,3954.22783,14.2,72.0,82.5,0.0694661
Albania,2014,Developing,0,428.7490668,25,33,0,1,98.0,98.0,0.1,4575.763787,14.2,52.5,81.5,0.0718166
Albania,2013,Developing,0,430.8769785,34,25,0,1,99.0,99.0,0.1,4414.72314,14.2,67.0,81.0,0.0697389
Albania,2012,Developing,0,412.4433563,32,71,9,1,99.0,99.0,0.1,4247.61438,14.2,65.5,61.5,0.0646113
Algeria,2015,Developing,21,0.0,31,63,63,24,95.0,95.0,0.1,4132.76292,14.4,77.5,66.5,0.0340705
Algeria,2014,Developing,21,54.2373183,59,47,0,24,95.0,95.0,0.1,547.8517,14.4,63.0,69.5,0.0262429
Algeria,2013,Developing,21,544.4507432,40,67,25,24,95.0,95.0,0.1,5471.866766,14.4,69.5,72.0,0.0275894
Algeria,2012,Developing,21,555.9260834,46,30,18,24,95.0,95.0,0.1,5564.82566,14.4,70.5,66.0,0.0449729
Angola,2015,Developing,66,0.0,46,61,118,98,7.0,64.0,1.9,3695.793748,11.4,72.0,76.0,0.0148889
Angola,2014,Developing,67,23.965612,21,28,11699,101,68.0,64.0,2.0,479.31224,11.4,57.5,72.0,0.0158326
Angola,2013,Developing,69,35.95857279,43,57,8523,105,67.0,77.0,2.3,484.616884,11.4,63.5,63.0,0.0123693
Angola,2012,Developing,72,256.1225243,32,25,4458,110,75.0,75.0,2.6,4598.249988,10.3,66.5,82.0,0.0196872
Antigua and Barbuda,2015,Developing,0,0.0,73,55,0,0,86.0,99.0,0.2,13566.9541,13.9,63.5,71.5,1.658562
Antigua and Barbuda,2014,Developing,0,2422.999774,52,68,0,0,96.0,99.0,0.2,12888.29667,13.9,58.5,89.0,1.521917
Antigua and Barbuda,2013,Developing,0,1991.430372,44,38,0,0,98.0,99.0,0.2,12224.86416,13.9,71.0,93.0,1.576889
Antigua and Barbuda,2012,Developing,0,2156.229842,24,24,0,0,97.0,98.0,0.2,12565.44197,13.8,75.5,68.0,1.410904
Argentina,2015,Developing,8,0.0,19,45,0,9,93.0,94.0,0.1,13467.1236,17.3,62.5,68.5,0.4138435
Argentina,2014,Developing,8,847.3717463,31,48,1,9,92.0,94.0,0.1,12245.25645,17.3,73.5,68.0,0.403086
Argentina,2013,Developing,8,1001.796332,30,58,0,10,99.0,94.0,0.1,12976.63642,17.3,83.5,91.0,0.4116948
Argentina,2012,Developing,9,1133.558003,28,42,2,10,99.0,91.0,0.1,12969.7712,17.2,63.5,81.5,0.3999306
Australia,2015,Developed,1,0.0,18,62,74,1,93.0,93.0,0.1,56554.3876,20.4,69.5,53.0,3.547307
Australia,2014,Developed,1,10769.36305,35,29,340,1,92.0,92.0,0.1,62214.6912,20.4,77.5,78.5,3.871626
Australia,2013,Developed,1,11734.85381,65,64,158,1,91.0,91.0,0.1,67792.3386,20.3,64.5,54.0,3.052824
Australia,2012,Developed,1,11714.99858,31,21,199,1,92.0,92.0,0.1,67677.63477,20.1,68.5,73.0,2.859924
Austria,2015,Developed,0,0.0,68,47,309,0,93.0,93.0,0.1,43665.947,15.9,67.5,71.0,1.953703
Austria,2014,Developed,0,8350.193523,19,28,117,0,98.0,98.0,0.1,51322.63997,15.9,69.0,84.5,2.027339
Austria,2013,Developed,0,90.58501176,27,41,0,0,95.0,95.0,0.1,554.71532,15.7,77.0,85.0,2.006421
Austria,2012,Developed,0,7878.372355,47,38,36,0,92.0,92.0,0.1,48333.57273,15.7,71.0,90.0,2.044857
Azerbaijan,2015,Developing,5,0.0,37,19,0,6,98.0,96.0,0.1,55.31382,12.7,55.0,74.0,0.1578295
Azerbaijan,2014,Developing,5,306.1824313,40,25,0,6,97.0,94.0,0.1,7891.299776,12.2,65.5,69.5,0.1298915
Azerbaijan,2013,Developing,5,275.6514934,26,73,164,6,96.0,93.0,0.1,7875.756953,11.9,58.5,85.0,0.0754309
Azerbaijan,2012,Developing,5,285.6103912,23,55,0,6,92.0,89.0,0.1,7496.335728,11.8,73.5,72.0,0.0275546
Bahrain,2015,Developing,0,0.0,30,22,0,0,98.0,98.0,0.1,22688.87824,14.5,61.0,93.0,0.3926167
Bahrain,2014,Developing,0,367.2556742,52,52,46,0,98.0,98.0,0.1,24983.3792,14.5,64.5,69.5,0.4042811
Bahrain,2013,Developing,0,3.968695982,18,60,0,0,99.0,99.0,0.1,251.18329,14.5,60.5,77.0,0.4226556
Bahrain,2012,Developing,0,2211.215778,39,54,0,0,99.0,99.0,0.1,23649.36661,14.5,65.0,69.5,0.4025452
Bangladesh,2015,Developing,92,0.0,34,73,240,113,97.0,97.0,0.1,121.15812,10.2,71.0,79.5,0.4840384
Bangladesh,2014,Developing,98,10.44640334,26,62,289,121,97.0,97.0,0.1,184.56543,10.0,58.5,85.0,0.5267605
Bangladesh,2013,Developing,104,52.82986467,66,52,237,130,96.0,96.0,0.1,951.8894535,10.0,53.5,72.5,0.5511614
Bangladesh,2012,Developing,111,59.2589257,29,19,1986,139,94.0,94.0,0.1,856.342857,9.9,57.5,83.5,0.6178776
Barbados,2015,Developing,0,0.0,56,69,0,0,97.0,97.0,0.1,15557.8381,15.3,59.0,82.5,4.427783
Barbados,2014,Developing,0,294.9056584,52,71,0,0,95.0,94.0,0.1,15359.66971,15.3,62.0,69.5,2.03435
Barbados,2013,Developing,0,263.0372838,74,43,0,0,91.0,91.0,0.1,15472.7814,15.3,77.5,78.0,1.280239
Barbados,2012,Developing,0,260.0043858,57,22,0,0,88.0,87.0,0.1,15384.8749,15.3,68.0,73.0,1.775233
Belarus,2015,Developing,0,0.0,42,62,2,0,99.0,99.0,0.1,5949.11677,15.6,65.5,69.0,0.0647598
Belarus,2014,Developing,0,1147.1114,31,52,64,0,97.0,97.0,0.1,8318.429294,15.7,69.5,80.5,0.0584548
Belarus,2013,Developing,0,1109.854619,53,35,16,1,98.0,98.0,0.1,7978.825443,15.7,72.5,88.5,0.0554235
Belarus,2012,Developing,0,91.70962117,60,40,10,1,98.0,98.0,0.1,694.243915,15.6,81.5,80.5,0.0385775
Belgium,2015,Developed,0,0.0,48,33,47,1,99.0,99.0,0.1,4356.875,16.6,68.0,84.5,3.659094
Belgium,2014,Developed,0,7163.348923,26,70,70,1,99.0,99.0,0.1,47439.39684,16.3,72.5,58.5,4.018055
Belgium,2013,Developed,0,702.359357,25,40,39,1,99.0,99.0,0.1,4651.38647,16.3,56.5,56.5,4.114692
Belgium,2012,Developed,0,664.4738975,56,45,109,1,99.0,99.0,0.1,4474.5717,16.2,81.5,74.5,5.430401
Belize,2015,Developing,0,0.0,42,19,0,0,94.0,94.0,0.2,4849.997495,12.8,73.5,79.5,0.8052025
Belize,2014,Developing,0,670.0920883,28,59,0,0,95.0,95.0,0.2,4852.223666,12.8,68.0,62.0,0.8467646
Belize,2013,Developing,0,629.2018591,70,71,0,0,95.0,95.0,0.2,4688.538443,12.9,79.0,66.5,0.7743398
Belize,2012,Developing,0,582.8027185,45,58,0,0,98.0,98.0,0.1,4673.63848,12.5,80.0,64.0,0.7676144
Benin,2015,Developing,25,0.0,21,49,55,39,78.0,82.0,1.0,783.94791,10.7,69.5,98.5,0.204335
Benin,2014,Developing,25,90.12206791,31,43,786,39,74.0,78.0,1.1,943.686575,10.7,58.5,67.5,0.1828443
Benin,2013,Developing,25,87.4080423,48,38,637,39,73.0,77.0,1.2,915.2674586,10.3,70.5,66.0,0.1755892
Benin,2012,Developing,25,9.80407467,42,75,288,39,8.0,8.0,1.3,837.9551,10.0,57.0,86.0,0.1800498
Bosnia and Herzegovina,2015,Developing,0,0.0,19,54,1677,0,74.0,82.0,0.1,4574.9787,14.2,67.0,74.0,0.4320975
Bosnia and Herzegovina,2014,Developing,0,732.8662491,25,73,3000,0,86.0,86.0,0.1,5193.94932,14.2,59.5,76.5,0.4184553
Bosnia and Herzegovina,2013,Developing,0,75.61062911,45,38,0,0,87.0,89.0,0.1,535.86555,14.2,75.5,97.5,0.3725705
Bosnia and Herzegovina,2012,Developing,0,693.8226461,45,69,22,0,87.0,92.0,0.1,4716.673325,13.9,80.0,88.5,0.328559
Botswana,2015,Developing,2,0.0,36,22,0,2,96.0,95.0,2.2,6532.651,12.6,76.5,61.5,2.283678
Botswana,2014,Developing,2,662.802194,58,27,1,2,96.0,95.0,2.3,7497.762376,12.6,67.5,70.5,1.892829
Botswana,2013,Developing,2,1.117811275,26,40,1,2,96.0,95.0,2.8,77.625783,12.6,70.0,67.0,2.049425
Botswana,2012,Developing,2,12.83447357,37,56,7,3,96.0,95.0,4.4,729.231453,12.5,81.0,77.0,2.30633
Brazil,2015,Developing,42,0.0,52,31,214,47,98.0,96.0,0.1,8757.2622,15.2,61.0,76.0,0.3636869
Brazil,2014,Developing,44,83.16465362,55,44,876,49,96.0,93.0,0.1,1226.61731,15.2,74.0,62.5,0.3657056
Brazil,2013,Developing,46,916.270845,40,57,220,52,96.0,97.0,0.1,12216.9446,14.2,68.5,58.0,1.435167
Brazil,2012,Developing,49,843.1946259,25,64,2,54,96.0,95.0,0.1,12291.46685,14.2,66.5,77.5,1.597672
Brunei Darussalam,2015,Developing,0,0.0,70,26,4,0,99.0,99.0,0.1,3967.8951,14.9,69.0,83.0,0.4347154
Brunei Darussalam,2014,Developing,0,269.1432784,64,31,1,0,99.0,99.0,0.1,4159.8652,15.0,71.0,81.0,0.3402192
Brunei Darussalam,2013,Developing,0,2845.306444,35,28,0,0,99.0,99.0,0.1,44597.27968,14.9,67.0,74.5,0.3181139
Brunei Darussalam,2012,Developing,0,3192.634413,67,68,1,0,99.0,99.0,0.1,47651.2599,14.4,68.0,67.5,0.2973472
Bulgaria,2015,Developed,0,0.0,68,61,0,1,91.0,91.0,0.1,6993.47736,15.0,71.5,97.0,0.3809669
Bulgaria,2014,Developed,1,153.1400362,61,32,0,1,88.0,88.0,0.1,7853.335191,14.8,74.5,64.0,0.3520223
Bulgaria,2013,Developed,1,149.659879,58,69,14,1,95.0,95.0,0.1,7674.86559,14.4,71.0,76.5,0.3338748
Bulgaria,2012,Developed,1,851.450672,40,33,1,1,95.0,95.0,0.1,7378.25539,14.3,68.0,65.5,0.2965679
Burkina Faso,2015,Developing,38,0.0,49,46,99,61,91.0,91.0,0.6,615.592225,7.7,79.5,86.5,0.2801686
Burkina Faso,2014,Developing,39,8.386339501,19,22,343,63,91.0,91.0,0.6,75.1464113,7.7,74.0,78.5,0.2570462
Burkina Faso,2013,Developing,40,88.97040214,27,18,375,66,89.0,88.0,0.7,699.452847,7.5,55.5,73.0,0.2305066
Burkina Faso,2012,Developing,41,78.76987363,25,33,7362,68,9.0,9.0,0.8,673.8227,7.2,74.0,74.0,0.2193293
Burundi,2015,Developing,21,0.0,72,20,9,31,94.0,94.0,0.7,33.681223,10.6,78.5,74.0,0.2366104
Burundi,2014,Developing,22,41.25159038,59,31,0,32,95.0,95.0,0.7,312.7489794,10.6,68.0,58.5,0.2416364
Burundi,2013,Developing,22,40.15128458,57,33,0,32,96.0,96.0,1.0,282.7555252,10.5,74.0,73.0,0.2357545
Burundi,2012,Developing,22,38.73170505,23,75,49,33,96.0,96.0,1.2,265.285651,10.3,66.5,66.0,0.2224308
Cabo Verde,2015,Developing,0,0.0,75,28,0,0,93.0,93.0,0.2,2954.119467,13.5,80.5,66.0,0.0908066
Cabo Verde,2014,Developing,0,414.0242418,33,67,0,0,95.0,95.0,0.2,3529.61843,13.5,65.5,86.0,0.0655949
Cabo Verde,2013,Developing,0,325.6298627,64,53,0,0,93.0,93.0,0.2,3558.796314,13.6,71.5,78.0,0.0740352
Cabo Verde,2012,Developing,0,33.55888998,74,50,0,0,94.0,94.0,0.3,348.482762,13.2,72.0,73.0,0.0711903
Cameroon,2015,Developing,45,0.0,22,59,1809,68,83.0,84.0,3.5,1244.429421,10.4,63.5,93.5,0.2775096
Cameroon,2014,Developing,47,61.39263642,74,46,831,71,86.0,87.0,3.7,1441.1417,10.4,69.5,75.0,0.2528451
Cameroon,2013,Developing,48,63.07890158,35,57,760,73,88.0,89.0,4.0,1365.34419,10.4,66.5,81.5,0.2544399
Cameroon,2012,Developing,50,68.55839112,47,43,609,76,85.0,85.0,4.6,1255.648189,10.4,68.5,70.0,0.2664351
Canada,2015,Developing,2,0.0,25,59,195,2,91.0,91.0,0.1,43315.744,16.3,65.5,66.0,3.187183
Canada,2014,Developing,2,102.1902168,32,29,418,2,91.0,91.0,0.1,544.43376,15.9,56.5,80.0,3.039755
Canada,2013,Developing,2,9733.228019,69,27,83,2,91.0,91.0,0.1,52413.72116,15.9,64.5,68.0,2.869764
Canada,2012,Developing,2,9748.636237,56,36,10,2,99.0,95.0,0.1,52496.69487,15.9,57.5,79.5,2.882059
Chad,2015,Developing,46,0.0,68,73,418,77,52.0,46.0,2.8,777.248751,7.3,73.0,77.5,0.0184466
Chad,2014,Developing,46,11.3020668,51,48,1275,78,44.0,37.0,2.9,125.998515,7.3,58.0,86.0,0.0126431
Chad,2013,Developing,46,76.52382535,75,65,226,78,46.0,39.0,3.1,986.13177,7.3,67.5,75.5,0.012929
Chad,2012,Developing,46,57.8242709,43,60,120,79,51.0,4.0,3.6,973.472574,7.3,70.5,73.0,0.0104007
Chile,2015,Developing,2,0.0,25,22,9,2,96.0,96.0,0.1,13653.2264,16.3,62.0,61.0,2.846198
Chile,2014,Developing,2,2352.999591,50,55,0,2,95.0,95.0,0.1,14817.37778,16.2,67.5,73.5,2.456199
Chile,2013,Developing,2,2442.222054,50,56,0,2,9.0,91.0,0.1,15941.39722,15.6,76.5,61.0,2.510472
Chile,2012,Developing,2,2260.777642,45,19,0,2,9.0,9.0,0.1,15431.9293,15.5,72.0,93.0,2.515844
China,2015,Developing,157,0.0,49,28,42361,183,99.0,99.0,0.1,869.211938,13.5,59.0,89.0,1.912929
China,2014,Developing,171,109.8743903,49,75,52628,198,99.0,99.0,0.1,7683.5238,13.1,61.5,96.0,1.686124
China,2013,Developing,185,9.955532032,63,70,26883,216,99.0,99.0,0.1,777.77594,12.7,66.0,87.0,1.580462
China,2012,Developing,201,94.4344566,39,73,6183,233,99.0,99.0,0.1,6337.882993,12.4,52.0,70.0,1.652568
Colombia,2015,Developing,10,0.0,75,74,1,12,91.0,91.0,0.1,644.525556,13.6,69.5,92.0,1.160621
Colombia,2014,Developing,11,1435.487755,52,71,0,12,9.0,9.0,0.1,7913.383432,13.6,72.5,84.5,1.097727
Colombia,2013,Developing,11,15.16255482,30,20,1,13,91.0,91.0,0.1,83.5863,13.3,66.5,63.0,1.268854
Colombia,2012,Developing,11,1487.896562,59,61,1,13,91.0,91.0,0.1,7884.984429,13.2,73.5,66.0,1.029172
Costa Rica,2015,Developing,1,0.0,74,47,0,1,92.0,92.0,0.1,1146.36273,14.2,72.5,82.0,0.2392371
Costa Rica,2014,Developing,1,384.5129138,39,29,1,1,91.0,91.0,0.1,1647.44179,13.9,56.0,78.0,0.2736252
Costa Rica,2013,Developing,1,386.1379123,42,19,0,1,95.0,95.0,0.1,1569.66631,13.7,74.0,90.5,0.2734463
Costa Rica,2012,Developing,1,2568.237059,21,49,0,1,9.0,91.0,0.1,9985.36959,13.6,59.0,59.0,0.2375737
Croatia,2015,Developed,0,0.0,26,35,206,0,94.0,94.0,0.1,11579.6674,15.3,66.0,70.5,0.8639142
Croatia,2014,Developed,0,1884.098811,49,70,0,0,95.0,95.0,0.1,13467.46827,15.1,64.0,86.0,0.7961368
Croatia,2013,Developed,0,1899.107385,58,71,0,0,96.0,96.0,0.1,13574.749,14.9,56.0,70.5,0.7645968
Croatia,2012,Developed,0,1851.713262,68,46,2,0,96.0,96.0,0.1,13235.97757,14.6,72.0,75.5,0.7435205
Cyprus,2015,Developed,0,0.0,52,75,0,0,97.0,97.0,0.1,2375.1127,14.3,69.0,55.0,1.717108
Cyprus,2014,Developed,0,207.3041936,70,19,10,0,99.0,99.0,0.1,2734.88382,14.0,73.0,87.0,1.744332
Cyprus,2013,Developed,0,212.0859259,20,30,0,0,99.0,99.0,0.1,2797.96736,13.8,73.5,76.0,1.7736
Cyprus,2012,Developed,0,2159.756205,68,57,1,0,99.0,99.0,0.1,28951.15556,13.8,70.5,72.0,1.837884
Denmark,2015,Developed,0,0.0,49,18,9,0,93.0,93.0,0.1,5314.64416,19.2,52.5,66.5,7.238714
Denmark,2014,Developed,0,10468.76292,28,69,27,0,94.0,94.0,0.1,62425.5392,19.2,74.5,82.5,7.071607
Denmark,2013,Developed,0,10261.763,73,39,17,0,94.0,94.0,0.1,61191.19263,18.7,67.5,73.0,6.898089
Denmark,2012,Developed,0,928.4170785,48,48,2,0,94.0,94.0,0.1,5857.521,18.4,62.5,74.0,6.823638
Dominican Republic,2015,Developing,6,0.0,58,39,0,7,87.0,85.0,0.3,6468.471648,13.2,66.0,67.0,0.2080803
Dominican Republic,2014,Developing,6,1088.244952,47,37,0,7,9.0,91.0,0.3,6268.692122,13.2,75.5,56.5,0.1888212
Dominican Republic,2013,Developing,6,97.52211538,70,62,0,7,82.0,83.0,0.3,627.55544,13.2,77.5,87.0,0.1916016
Dominican Republic,2012,Developing,6,857.1307037,48,65,0,7,85.0,85.0,0.4,5968.876767,13.1,69.0,83.5,0.1951994
Ecuador,2015,Developing,6,0.0,25,53,0,7,84.0,78.0,0.1,625.62224,14.0,81.5,67.5,0.3612334
Ecuador,2014,Developing,6,79.11626341,74,53,0,7,84.0,83.0,0.1,6432.216537,14.0,60.5,79.5,0.3229547
Ecuador,2013,Developing,6,59.12850204,47,74,0,8,87.0,87.0,0.1,674.9829,13.4,65.5,75.5,0.3789459
Ecuador,2012,Developing,7,41.88087712,18,53,72,8,85.0,87.0,0.1,572.14313,13.3,71.5,84.0,0.3444999
El Salvador,2015,Developing,2,0.0,52,66,0,2,92.0,91.0,0.2,4127.11775,13.2,55.0,61.5,0.992054
El Salvador,2014,Developing,2,665.7260253,29,58,0,2,93.0,94.0,0.2,3988.771871,13.2,80.0,81.5,0.9964383
El Salvador,2013,Developing,2,653.6925016,52,20,0,2,92.0,92.0,0.2,3895.664491,13.2,65.0,61.0,0.9533917
El Salvador,2012,Developing,2,591.7757569,34,59,0,2,93.0,92.0,0.3,3827.786267,13.2,65.0,54.0,0.8764083
Estonia,2015,Developing,0,0.0,37,60,4,0,93.0,93.0,0.1,1774.9291,16.5,79.5,95.0,0.3758103
Estonia,2014,Developing,0,2700.07305,49,22,0,0,93.0,93.0,0.1,19941.45532,16.5,67.0,97.5,0.3755583
Estonia,2013,Developing,0,261.2914808,74,44,2,0,94.0,94.0,0.1,1929.7746,16.5,83.0,66.5,0.3629398
Estonia,2012,Developing,0,2263.103797,59,25,4,0,94.0,94.0,0.1,17421.8922,16.5,69.5,61.0,0.3514466
Ethiopia,2015,Developing,136,0.0,55,72,17745,194,75.0,77.0,0.6,645.4637627,8.4,80.0,58.0,0.0242713
Ethiopia,2014,Developing,140,89.95805845,21,34,12739,202,75.0,77.0,0.6,571.1622759,8.4,69.0,84.5,0.025811
Ethiopia,2013,Developing,145,8.313282039,49,19,5253,211,7.0,72.0,0.9,52.1535887,8.4,74.0,74.0,0.0345494
Ethiopia,2012,Developing,150,86.82551124,48,74,4347,221,7.0,69.0,1.2,468.567249,8.4,56.5,73.0,0.0363417
Fiji,2015,Developing,0,0.0,57,18,0,0,99.0,99.0,0.1,4921.89629,15.3,61.5,89.0,1.343519
Fiji,2014,Developing,0,50.539484,49,33,0,0,99.0,99.0,0.1,546.3728,15.2,69.0,65.5,1.486075
Fiji,2013,Developing,0,460.6487805,47,45,0,0,99.0,99.0,0.1,4763.68956,15.0,69.0,87.5,1.762065
Fiji,2012,Developing,0,431.4854874,39,42,0,0,99.0,99.0,0.1,4546.73854,14.9,53.5,71.5,1.694096
Finland,2015,Developing,0,0.0,58,36,2,0,97.0,97.0,0.1,4245.39744,17.0,77.5,82.0,2.959712
Finland,2014,Developing,0,6164.455402,31,66,0,0,98.0,98.0,0.1,49914.61864,17.0,73.5,54.5,2.944671
Finland,2013,Developing,0,6115.496624,43,24,2,0,98.0,98.0,0.1,49638.7713,17.0,57.0,69.0,2.731571
Finland,2012,Developing,0,5889.012536,34,33,0,0,99.0,99.0,0.1,47415.55987,17.0,65.5,87.0,1.976498
France,2015,Developing,2,0.0,61,44,157,3,98.0,98.0,0.1,36526.7711,16.3,58.0,76.0,6.412602
France,2014,Developing,3,6739.677606,46,26,267,3,98.0,98.0,0.1,42955.24287,16.2,69.5,76.5,6.263669
France,2013,Developing,3,6646.953935,60,24,272,3,99.0,99.0,0.1,42554.1225,16.2,75.5,73.5,5.879559
France,2012,Developing,3,751.3793553,51,60,0,3,99.0,99.0,0.1,4838.2444,16.1,75.5,64.5,5.669275
Gabon,2015,Developing,2,0.0,66,31,27,3,79.0,8.0,2.7,7388.984144,12.6,68.5,75.5,0.2000267
Gabon,2014,Developing,2,715.2816939,43,58,33,3,68.0,7.0,2.8,9692.163874,12.6,74.0,88.0,0.1966059
Gabon,2013,Developing,2,154.8758879,74,73,122,3,77.0,79.0,3.7,9679.742995,12.5,78.5,63.0,0.2014126
Gabon,2012,Developing,2,805.3925284,46,48,2,3,8.0,82.0,4.9,9774.18117,12.5,60.0,82.0,0.1733792
Georgia,2015,Developing,1,0.0,68,32,431,1,91.0,94.0,0.1,3764.64912,13.9,68.0,51.0,0.0745636
Georgia,2014,Developing,1,221.482875,42,43,3188,1,91.0,91.0,0.1,4429.6575,13.5,67.5,66.5,0.0534963
Georgia,2013,Developing,1,180.3787034,62,57,7872,1,94.0,93.0,0.1,4274.376857,13.5,64.5,94.5,0.0440371
Georgia,2012,Developing,1,158.2576025,29,30,31,1,93.0,92.0,0.1,4142.869175,13.4,59.5,84.5,0.0831471
Germany,2015,Developed,2,0.0,75,65,2464,3,94.0,95.0,0.1,41176.88158,17.1,79.0,60.5,3.061516
Germany,2014,Developed,2,941.7562909,71,60,443,3,94.0,95.0,0.1,4792.65288,17.0,67.0,81.0,3.19994
Germany,2013,Developed,2,895.8779503,22,28,1771,3,94.0,95.0,0.1,4653.91143,16.9,59.5,71.0,3.230654
Germany,2012,Developed,2,839.91332,55,24,166,3,94.0,95.0,0.1,4465.24891,16.9,68.5,69.0,3.269139
Ghana,2015,Developing,37,0.0,25,42,23,52,88.0,88.0,0.7,1361.11395,11.4,82.5,77.0,0.391275
Ghana,2014,Developing,37,97.67794571,62,54,124,54,93.0,98.0,0.8,1432.227943,11.7,66.0,91.5,0.3735304
Ghana,2013,Developing,38,28.66897829,43,25,319,55,91.0,9.0,0.9,1814.492297,11.5,70.5,77.5,0.3798135
Ghana,2012,Developing,39,151.899429,33,74,1613,56,91.0,92.0,0.9,1629.8222,11.2,56.5,54.0,0.350633
Greece,2015,Developing,0,0.0,45,36,1,0,99.0,99.0,0.1,187.78991,17.2,64.5,64.5,0.9518629
Greece,2014,Developing,0,2163.043414,64,33,1,0,99.0,99.0,0.1,21673.7817,17.2,64.5,64.5,1.004767
Greece,2013,Developing,0,2183.106986,52,57,3,0,99.0,99.0,0.1,21874.8195,17.1,72.5,88.0,0.8920498
Greece,2012,Developing,0,2528.992935,75,49,3,0,99.0,99.0,0.1,22242.68193,16.8,64.0,62.5,0.9959794
Guatemala,2015,Developing,10,0.0,26,53,0,12,9.0,74.0,0.4,3923.573344,10.7,66.0,71.0,0.251246
Guatemala,2014,Developing,10,657.5282797,49,29,0,13,65.0,73.0,0.4,3687.763767,10.7,68.5,79.0,0.2696875
Guatemala,2013,Developing,11,582.1469583,35,25,0,13,84.0,85.0,0.4,3452.828934,10.7,74.5,80.0,0.2564323
Guatemala,2012,Developing,11,484.7187892,31,73,0,13,94.0,96.0,0.4,3299.65139,10.6,73.5,61.5,0.248675
Guyana,2015,Developing,0,0.0,24,22,0,1,92.0,95.0,0.3,4136.689919,10.3,75.0,66.5,0.0878538
Guyana,2014,Developing,0,4.141293345,49,74,0,1,97.0,98.0,0.3,43.82321,10.3,70.5,65.0,0.0547526
Guyana,2013,Developing,0,345.9044258,63,18,0,1,98.0,98.0,0.3,3944.178173,10.3,62.5,67.0,0.051586
Guyana,2012,Developing,0,497.4719464,73,51,0,1,97.0,97.0,0.3,3785.935665,10.6,64.5,95.5,0.2832819
Haiti,2015,Developing,14,0.0,57,60,0,18,56.0,6.0,0.5,814.5463952,9.1,65.5,85.5,0.1578726
Haiti,2014,Developing,14,5.103249438,55,25,0,19,55.0,48.0,0.5,83.1148117,9.1,70.5,83.5,0.0479136
Haiti,2013,Developing,14,4.989712322,18,41,0,19,67.0,68.0,0.5,81.265673,9.1,75.5,80.5,0.0348163
Haiti,2012,Developing,15,26.37942542,24,33,0,20,67.0,67.0,0.8,766.8437623,8.9,68.0,69.5,0.0473125
Honduras,2015,Developing,3,0.0,66,72,0,4,97.0,97.0,0.3,2326.15856,11.2,64.0,88.0,0.6079184
Honduras,2014,Developing,3,345.3776344,37,61,0,4,97.0,97.0,0.3,2242.711912,11.4,64.0,67.5,0.5854267
Honduras,2013,Developing,4,311.7553193,22,75,0,4,97.0,97.0,0.4,2136.77395,11.6,65.5,62.5,0.616009
Honduras,2012,Developing,4,363.5721644,27,61,0,4,97.0,97.0,0.4,2178.38325,11.6,72.5,74.0,0.5618353
Hungary,2015,Developed,0,0.0,30,52,0,0,99.0,99.0,0.1,12365.6263,15.6,73.0,64.0,1.266663
Hungary,2014,Developed,0,160.9449342,63,34,0,0,99.0,99.0,0.1,14117.97668,15.8,77.5,91.0,1.396128
Hungary,2013,Developed,0,155.1952076,22,24,1,1,99.0,99.0,0.1,13613.6147,15.4,64.0,61.5,1.44071
Hungary,2012,Developed,0,164.2793407,29,31,2,1,99.0,99.0,0.1,12834.32349,15.4,66.0,78.0,1.393285
Iceland,2015,Developed,0,0.0,26,33,0,0,92.0,92.0,0.1,5734.4436,19.0,80.5,87.5,0.1971204
Iceland,2014,Developed,0,8254.020763,22,46,0,0,9.0,9.0,0.1,52473.11356,19.0,71.0,89.0,0.1863702
Iceland,2013,Developed,0,764.5440691,51,28,0,0,91.0,91.0,0.1,4781.3888,19.0,82.0,94.0,0.1848675
Iceland,2012,Developed,0,6818.546407,26,38,0,0,89.0,89.0,0.1,44333.8518,18.7,63.0,70.0,0.1870995
India,2015,Developing,910,0.0,35,33,90387,1100,86.0,87.0,0.2,1613.18878,11.6,71.5,74.5,2.740279
India,2014,Developing,957,86.52153895,54,39,79563,1200,84.0,85.0,0.2,1573.11889,11.6,55.5,91.0,2.686241
India,2013,Developing,1000,67.67230438,25,25,13822,1300,82.0,83.0,0.2,1452.195373,11.5,64.5,69.0,2.883997
India,2012,Developing,1100,64.96964491,19,29,18668,1400,79.0,82.0,0.2,1446.98541,11.3,66.5,71.5,2.980192
Indonesia,2015,Developing,114,0.0,62,37,15099,136,8.0,78.0,0.3,3336.16686,12.9,75.5,54.0,1.102425
Indonesia,2014,Developing,119,200.0684443,50,54,12943,142,8.0,78.0,0.3,3491.595887,12.9,73.0,70.5,1.017517
Indonesia,2013,Developing,124,22.8478308,48,42,8419,148,86.0,85.0,0.3,362.663981,12.9,75.5,70.5,1.073737
Indonesia,2012,Developing,129,254.4688257,69,60,15489,154,84.0,83.0,0.3,3687.953996,12.6,77.5,79.0,1.190213
Ireland,2015,Developed,0,0.0,31,49,4,0,95.0,95.0,0.1,6664.144,18.6,62.5,62.0,4.38212
Ireland,2014,Developed,0,746.3670453,45,27,33,0,96.0,96.0,0.1,5553.32623,18.6,80.5,73.5,5.276891
Ireland,2013,Developed,0,703.5527332,26,35,51,0,96.0,96.0,0.1,5234.76736,18.6,57.5,70.0,5.851253
Ireland,2012,Developed,0,6616.695125,22,50,107,0,95.0,95.0,0.1,49231.36254,18.5,65.5,60.5,5.283617
Israel,2015,Developing,0,0.0,50,18,80,1,95.0,95.0,0.1,35729.37253,16.0,73.0,75.0,2.057516
Israel,2014,Developing,1,4348.33531,64,61,6,1,95.0,95.0,0.1,37582.84624,16.0,67.5,73.0,1.93637
Israel,2013,Developing,1,4279.895512,74,33,50,1,96.0,96.0,0.1,36393.66932,15.9,65.5,78.5,2.061439
Israel,2012,Developing,1,3830.184587,72,19,211,1,94.0,94.0,0.1,32569.59683,15.9,65.5,58.5,2.109804
Italy,2015,Developed,1,0.0,53,47,159,2,93.0,93.0,0.1,349.14755,16.3,55.0,74.0,6.943954
Italy,2014,Developed,2,4831.644796,74,45,0,2,95.0,95.0,0.1,35396.66517,16.3,79.0,78.0,6.791051
Italy,2013,Developed,2,483.1916844,58,20,0,2,96.0,96.0,0.1,3537.27441,16.5,54.5,79.5,5.27667
Italy,2012,Developed,2,4793.904924,30,43,376,2,96.0,97.0,0.1,34814.12436,16.6,76.0,67.5,4.291886
Jamaica,2015,Developing,1,0.0,30,57,0,1,91.0,91.0,0.5,4965.989857,12.8,76.0,82.0,2.008602
Jamaica,2014,Developing,1,427.3054534,70,57,0,1,93.0,92.0,0.5,4855.743789,12.8,73.0,78.5,1.954444
Jamaica,2013,Developing,1,5.457289334,57,28,0,1,86.0,93.0,0.6,56.144952,12.8,57.5,56.5,2.178437
Jamaica,2012,Developing,1,37.17108782,33,26,0,1,96.0,96.0,0.5,521.33363,12.8,59.5,52.5,1.948101
Japan,2015,Developed,2,0.0,58,54,35,3,99.0,96.0,0.1,34474.13736,15.3,67.0,78.0,6.720515
Japan,2014,Developed,2,88.83362243,18,46,462,3,99.0,96.0,0.1,3896.21151,15.3,72.0,83.0,6.771624
Japan,2013,Developed,2,94.43428615,39,67,229,3,99.0,96.0,0.1,4454.44746,15.3,79.0,61.0,6.318446
Japan,2012,Developed,2,121.5869163,65,20,228,3,99.0,97.0,0.1,4863.47665,15.3,77.0,77.5,6.676736
Jordan,2015,Developing,4,0.0,36,69,0,4,99.0,99.0,0.1,496.99275,13.1,58.5,67.5,0.2227951
Jordan,2014,Developing,4,63.8784522,68,59,20,4,98.0,98.0,0.1,466.94775,13.1,59.5,68.0,0.2030523
Jordan,2013,Developing,4,546.6235156,74,35,120,4,98.0,98.0,0.1,3992.86717,13.1,72.0,69.5,0.1938502
Jordan,2012,Developing,4,67.70171064,62,37,3,4,98.0,98.0,0.1,387.753211,12.9,79.5,90.5,0.1975055
Kazakhstan,2015,Developing,4,0.0,50,75,526,5,98.0,98.0,0.1,159.9817,15.0,55.5,81.0,0.1346343
Kazakhstan,2014,Developing,5,24.44473709,56,48,321,5,95.0,95.0,0.1,1286.56511,15.0,71.0,84.5,0.1184289
Kazakhstan,2013,Developing,5,26.4072659,36,41,73,6,98.0,98.0,0.1,1389.8561,15.0,62.0,66.0,0.1571664
Kazakhstan,2012,Developing,6,235.3566066,22,45,55,7,98.0,99.0,0.1,12387.18982,14.7,69.0,67.5,0.1690781
Kenya,2015,Developing,54,0.0,25,54,95,75,83.0,89.0,2.8,1349.97144,11.1,66.5,77.0,0.9876367
Kenya,2014,Developing,56,170.9626624,64,69,354,79,93.0,92.0,2.9,1335.6458,11.1,68.5,59.0,1.047295
Kenya,2013,Developing,58,165.9304977,56,25,190,81,94.0,87.0,3.0,1229.114798,11.1,61.0,85.0,0.9362131
Kenya,2012,Developing,59,154.2269697,60,61,0,84,94.0,94.0,3.0,1155.2582,11.1,71.5,63.0,0.889898
Kuwait,2015,Developing,0,0.0,53,40,18,1,99.0,99.0,0.1,28975.418,13.3,59.0,79.0,0.1324948
Kuwait,2014,Developing,0,2480.896965,57,69,55,1,94.0,95.0,0.1,42996.4812,13.0,69.5,74.0,0.0939745
Kuwait,2013,Developing,1,2792.677582,75,32,62,1,99.0,99.0,0.1,48399.9581,13.1,76.0,69.5,0.0860778
Kuwait,2012,Developing,1,2957.973963,18,30,27,1,98.0,98.0,0.1,51264.7134,13.2,64.5,86.5,0.0872001
Latvia,2015,Developed,0,0.0,63,33,0,0,95.0,95.0,0.1,13666.58336,16.0,72.0,86.0,0.3652764
Latvia,2014,Developed,0,1542.635979,58,65,36,0,92.0,92.0,0.1,15725.1374,16.0,65.0,89.5,0.3484271
Latvia,2013,Developed,0,150.3116884,25,53,0,0,94.0,94.0,0.1,1532.22924,15.4,68.0,81.0,0.2927147
Latvia,2012,Developed,0,1356.022164,54,33,3,0,91.0,91.0,0.1,13822.8559,15.5,61.0,62.0,0.2784873
Lebanon,2015,Developing,1,0.0,68,32,39,1,75.0,81.0,0.1,846.632851,13.3,78.0,74.5,0.8755913
Lebanon,2014,Developing,1,140.3771361,35,33,112,1,75.0,81.0,0.1,8161.4614,13.3,73.5,80.0,0.8325673
Lebanon,2013,Developing,1,14.55610463,72,69,1761,1,75.0,81.0,0.1,846.285153,13.3,64.0,73.0,0.8412273
Lebanon,2012,Developing,1,151.1526829,19,74,9,1,75.0,81.0,0.1,8787.94668,13.3,77.0,89.5,0.826679
Lesotho,2015,Developing,4,0.0,59,59,0,6,9.0,93.0,9.3,173.82893,10.7,78.5,56.5,2.828547
Lesotho,2014,Developing,4,162.1278115,71,27,0,6,9.0,93.0,9.4,1174.839214,10.8,83.0,70.5,2.925366
Lesotho,2013,Developing,4,153.3443147,35,62,516,6,9.0,93.0,9.6,1196.1335,11.1,76.5,88.0,2.861283
Lesotho,2012,Developing,4,168.1348992,20,42,179,6,93.0,95.0,9.0,1281.516,11.0,53.5,93.5,2.766451
Lithuania,2015,Developed,0,0.0,72,45,50,0,93.0,93.0,0.1,14252.42853,16.5,62.0,65.5,0.6253188
Lithuania,2014,Developed,0,2211.744178,56,21,11,0,93.0,93.0,0.1,16554.97139,16.5,73.0,87.0,0.5870097
Lithuania,2013,Developed,0,1968.816817,56,33,35,0,93.0,93.0,0.1,15712.82376,16.4,58.0,59.0,0.5186514
Lithuania,2012,Developed,0,1807.071336,71,70,0,0,93.0,93.0,0.1,14341.836,16.5,72.0,82.5,0.499582
Luxembourg,2015,Developed,0,0.0,68,55,0,0,99.0,99.0,0.1,1199.8223,13.9,67.0,85.5,2.554254
Luxembourg,2014,Developed,0,16255.16198,42,33,0,0,99.0,99.0,0.1,119172.7418,13.9,70.5,71.0,4.015076
Luxembourg,2013,Developed,0,15515.75234,40,29,0,0,99.0,99.0,0.1,113751.85,13.9,78.0,79.0,2.728827
Luxembourg,2012,Developed,0,2284.58215,35,41,2,0,99.0,99.0,0.1,16749.136,13.9,77.0,75.5,2.664528
Madagascar,2015,Developing,28,0.0,20,27,3,38,71.0,69.0,0.3,41.8575951,10.3,69.5,67.0,0.1316675
Madagascar,2014,Developing,29,5.339065673,74,26,3,39,73.0,73.0,0.3,452.4631926,10.3,83.0,71.5,0.143158
Madagascar,2013,Developing,29,79.50882493,66,22,6,40,73.0,74.0,0.4,461.723722,10.3,68.5,75.5,0.1579937
Madagascar,2012,Developing,30,59.97914461,74,45,2,42,71.0,7.0,0.4,443.9611,10.2,77.0,87.5,0.1434508
Malawi,2015,Developing,26,0.0,63,56,0,38,88.0,88.0,4.8,362.6575444,10.8,74.5,88.5,0.5821546
Malawi,2014,Developing,27,59.48744893,25,32,3,40,87.0,91.0,5.1,354.7253961,10.7,52.5,82.0,0.3650914
Malawi,2013,Developing,29,55.83107625,57,43,1,42,89.0,89.0,6.3,332.922339,10.7,58.0,68.5,0.3618475
Malawi,2012,Developing,31,82.76865922,55,73,11,46,95.0,96.0,8.3,374.51882,10.7,66.0,75.0,0.3412143
Malaysia,2015,Developing,4,0.0,35,44,1318,4,99.0,99.0,0.1,9643.644683,13.1,80.5,68.0,2.797404
Malaysia,2014,Developing,4,721.3655432,32,40,221,4,97.0,97.0,0.1,11183.96191,13.0,65.0,91.0,2.781511
Malaysia,2013,Developing,3,110.6779711,68,38,195,4,97.0,97.0,0.1,1882.27842,12.9,79.5,70.5,2.796819
Malaysia,2012,Developing,3,101.609245,69,18,1868,4,97.0,97.0,0.1,1779.49641,12.9,62.0,82.5,2.753101
Mali,2015,Developing,52,0.0,28,35,215,84,66.0,64.0,1.5,729.725338,8.4,63.5,77.5,0.0771471
Mali,2014,Developing,52,46.56231672,61,27,290,85,74.0,73.0,1.6,825.5729915,8.2,53.5,93.0,0.1017722
Mali,2013,Developing,53,36.86104319,54,52,221,86,7.0,69.0,1.6,777.659139,8.0,66.5,68.0,0.0720397
Mali,2012,Developing,53,96.5465827,28,69,341,88,72.0,66.0,1.5,777.3476868,7.7,63.0,67.0,0.0821409
Malta,2015,Developed,0,0.0,41,41,2,0,97.0,97.0,0.1,23819.4636,14.6,68.5,71.0,3.189966
Malta,2014,Developed,0,409.6000248,30,74,0,0,99.0,99.0,0.1,2618.92599,14.3,64.0,73.0,2.806484
Malta,2013,Developed,0,374.2947283,62,48,0,0,99.0,99.0,0.1,2393.1888,14.2,71.0,92.0,2.522526
Malta,2012,Developed,0,343.123395,18,49,0,0,99.0,99.0,0.1,2193.8836,14.1,59.5,75.5,2.367143
Mauritius,2015,Developing,0,0.0,51,44,0,0,98.0,97.0,0.1,9252.11724,15.2,60.0,87.0,2.271069
Mauritius,2014,Developing,0,115.2784282,34,32,0,0,98.0,97.0,0.1,1153.93822,14.7,68.0,82.5,4.157398
Mauritius,2013,Developing,0,917.467628,46,50,0,0,98.0,98.0,0.1,9637.265,14.7,59.5,66.5,4.035233
Mauritius,2012,Developing,0,915.1859205,27,45,0,0,98.0,98.0,0.1,9291.227619,14.3,65.5,67.0,3.963595
Mexico,2015,Developing,30,0.0,36,48,0,35,87.0,87.0,0.1,9143.128494,13.3,58.5,68.5,0.9633687
Mexico,2014,Developing,31,168.173753,31,42,3,36,87.0,87.0,0.1,1452.27766,13.1,58.0,72.0,0.9522173
Mexico,2013,Developing,32,150.408875,20,75,0,37,83.0,83.0,0.1,1298.86766,12.9,65.0,91.0,0.9692581
Mexico,2012,Developing,33,112.696486,56,37,0,38,99.0,99.0,0.1,982.532572,12.7,53.5,82.0,0.8951133
Mongolia,2015,Developing,1,0.0,47,75,20359,1,99.0,99.0,0.1,3944.1839,14.8,70.5,82.0,0.0020426
Mongolia,2014,Developing,1,281.0023992,25,23,0,1,99.0,99.0,0.1,4181.583321,14.8,64.5,83.5,0.0019629
Mongolia,2013,Developing,1,241.1958645,22,53,0,1,98.0,98.0,0.1,4385.379355,14.7,61.5,57.0,0.0027817
Mongolia,2012,Developing,1,253.8285861,24,71,0,2,99.0,99.0,0.1,4368.82248,14.7,64.5,64.5,0.0029286
Morocco,2015,Developing,17,0.0,42,18,17,20,99.0,99.0,0.1,2847.285569,12.1,64.0,74.0,1.048436
Morocco,2014,Developing,18,198.7343495,60,34,10,21,99.0,99.0,0.1,3154.513484,12.1,63.5,73.0,1.015554
Morocco,2013,Developing,18,179.8598949,24,74,92,21,99.0,99.0,0.1,3111.762887,12.1,63.0,71.0,0.9567088
Morocco,2012,Developing,19,19.15853732,56,70,668,22,99.0,99.0,0.1,294.746728,11.6,69.0,77.5,1.035091
Mozambique,2015,Developing,60,0.0,25,22,79,81,8.0,8.0,3.9,528.3125597,9.1,62.0,75.5,0.2653129
Mozambique,2014,Developing,61,54.91159475,41,18,9,84,79.0,79.0,4.1,623.2871141,9.1,64.5,60.5,0.2220016
Mozambique,2013,Developing,62,5.813338496,63,48,8,87,78.0,78.0,5.1,65.985681,9.1,51.5,76.5,0.1842785
Mozambique,2012,Developing,64,49.90987221,28,45,145,90,73.0,76.0,6.9,566.513873,9.2,58.5,69.5,0.1653741
Namibia,2015,Developing,2,0.0,36,36,212,3,92.0,92.0,2.1,4737.66996,11.7,74.0,77.0,5.03363
Namibia,2014,Developing,2,751.3982719,31,19,477,3,88.0,88.0,2.2,5421.343953,11.7,63.5,64.0,5.512797
Namibia,2013,Developing,3,760.6550553,52,72,1028,3,89.0,89.0,2.5,5488.131712,11.6,70.5,87.5,5.440282
Namibia,2012,Developing,3,796.8734263,34,64,86,4,84.0,84.0,3.7,5749.44752,11.5,70.0,74.5,5.436619
Nepal,2015,Developing,17,0.0,32,31,1599,21,9.0,91.0,0.1,743.7653489,12.2,58.0,62.5,1.084985
Nepal,2014,Developing,18,8.523486403,36,28,1279,22,92.0,92.0,0.1,76.2386977,12.4,73.5,69.5,0.9071497
Nepal,2013,Developing,19,80.15505125,62,35,1861,24,92.0,92.0,0.1,688.6172788,12.3,58.5,94.5,0.8137556
Nepal,2012,Developing,20,80.58788376,67,58,3362,25,9.0,9.0,0.2,681.7925868,12.3,68.5,81.5,0.7769591
Netherlands,2015,Developed,1,0.0,54,58,7,1,95.0,95.0,0.1,44292.88473,18.1,58.0,84.0,2.060472
Netherlands,2014,Developed,1,1491.703605,32,58,140,1,96.0,96.0,0.1,52157.4687,18.1,68.0,83.0,2.504495
Netherlands,2013,Developed,1,1475.030397,32,75,2632,1,97.0,97.0,0.1,51574.48942,18.1,76.5,69.0,2.64677
Netherlands,2012,Developed,1,1162.656768,72,18,10,1,97.0,97.0,0.1,49474.7561,18.1,62.5,89.5,2.707517
New Zealand,2015,Developed,0,0.0,29,36,10,0,92.0,92.0,0.1,3821.8937,19.2,75.0,91.5,0.8978079
New Zealand,2014,Developed,0,1040.278436,50,60,280,0,93.0,93.0,0.1,4453.24673,19.2,70.0,65.0,0.8893518
New Zealand,2013,Developed,0,10019.0763,63,58,8,0,92.0,92.0,0.1,42889.88141,19.3,73.5,61.0,0.8950518
New Zealand,2012,Developed,0,924.5653683,62,45,68,0,93.0,93.0,0.1,3997.25624,19.5,72.0,75.0,0.8851792
Nicaragua,2015,Developing,2,0.0,19,75,0,2,99.0,98.0,0.1,295.966488,11.7,61.0,68.0,0.263391
Nicaragua,2014,Developing,2,473.1238124,27,33,0,3,99.0,98.0,0.1,1975.46477,11.6,76.5,66.0,0.2669093
Nicaragua,2013,Developing,2,366.4841804,30,62,0,3,99.0,98.0,0.1,1847.19849,11.5,73.5,67.5,0.2460168
Nicaragua,2012,Developing,2,334.8174246,33,66,0,3,99.0,98.0,0.1,1792.3845,11.5,75.5,90.0,0.2072727
Niger,2015,Developing,49,0.0,65,71,7693,87,65.0,65.0,0.4,358.99731,5.4,72.0,72.5,0.115381
Niger,2014,Developing,49,3.304039899,45,52,1142,88,67.0,68.0,0.5,43.646498,5.3,57.0,77.5,0.1202492
Niger,2013,Developing,49,31.50243237,19,28,1224,89,56.0,67.0,0.6,416.14838,5.3,69.5,87.0,0.1053437
Niger,2012,Developing,49,29.75517982,38,69,272,90,71.0,71.0,0.7,391.515524,5.1,71.5,93.5,0.0982453
Nigeria,2015,Developing,483,0.0,75,27,12423,747,49.0,49.0,3.7,2655.157977,10.0,74.0,79.0,0.0993827
Nigeria,2014,Developing,490,263.2111031,53,56,6855,759,49.0,49.0,3.9,3221.678128,10.0,62.5,65.0,0.0953582
Nigeria,2013,Developing,498,194.2032879,72,69,52852,773,46.0,46.0,3.9,2996.96432,9.8,55.5,73.0,0.095758
Nigeria,2012,Developing,505,204.7186256,68,61,6447,788,42.0,42.0,4.4,2755.297787,9.7,80.5,78.0,0.088617
Norway,2015,Developed,0,0.0,65,46,14,0,95.0,95.0,0.1,7455.24654,17.7,68.0,79.0,2.918765
Norway,2014,Developed,0,177.6382878,20,29,3,0,93.0,93.0,0.1,975.49856,17.7,56.0,89.5,2.934227
Norway,2013,Developed,0,234.782883,23,62,8,0,94.0,94.0,0.1,1291.435,17.5,51.0,57.0,2.681777
Norway,2012,Developed,0,2094.19096,50,35,4,0,95.0,95.0,0.1,11563.727,17.6,71.5,72.0,2.785642
Oman,2015,Developing,1,0.0,46,68,0,1,99.0,99.0,0.1,16627.36433,13.7,66.5,72.0,0.1858113
Oman,2014,Developing,1,166.1913728,40,61,0,1,99.0,99.0,0.1,2458.45226,13.7,76.5,85.5,0.1281256
Oman,2013,Developing,1,1154.893473,58,52,0,1,99.0,98.0,0.1,21268.7564,13.7,63.0,72.5,0.1246567
Oman,2012,Developing,1,1055.835493,35,55,13,1,99.0,98.0,0.1,22134.916,13.7,67.5,79.5,0.1487681
Pakistan,2015,Developing,352,0.0,52,28,386,433,72.0,72.0,0.1,1431.244865,8.1,69.0,75.5,0.543138
Pakistan,2014,Developing,359,62.29361092,66,23,1370,442,72.0,72.0,0.1,1316.98966,7.8,67.0,67.0,0.4954622
Pakistan,2013,Developing,365,60.18648815,23,36,8749,450,72.0,72.0,0.1,1272.44161,7.7,69.0,89.0,0.4767679
Pakistan,2012,Developing,369,59.65900139,27,30,8046,456,72.0,72.0,0.1,1261.28967,7.6,76.0,68.0,0.4357122
Panama,2015,Developing,1,0.0,50,28,0,1,72.0,73.0,0.1,13134.4367,13.0,62.5,85.0,0.5973189
Panama,2014,Developing,1,1842.463782,73,75,0,1,8.0,8.0,0.1,12593.7374,13.0,80.5,83.0,0.6239802
Panama,2013,Developing,1,1694.467075,40,49,0,1,81.0,8.0,0.1,11685.97983,12.9,71.0,68.5,0.6133993
Panama,2012,Developing,1,201.7490628,60,21,0,1,87.0,85.0,0.1,1589.82713,12.8,60.5,74.0,0.6307982
Paraguay,2015,Developing,2,0.0,52,20,0,3,89.0,93.0,0.2,419.367724,12.3,77.5,75.5,0.1393485
Paraguay,2014,Developing,3,561.7684701,45,59,0,3,83.0,87.0,0.2,4712.822736,12.3,77.0,65.5,0.1181584
Paraguay,2013,Developing,3,573.4346982,21,48,0,3,8.0,86.0,0.2,4479.95858,12.3,60.5,79.0,0.1141228
Paraguay,2012,Developing,3,441.8446244,34,56,0,3,83.0,87.0,0.1,3855.537735,12.3,75.5,58.5,0.1036147
Peru,2015,Developing,8,0.0,50,48,4,10,88.0,9.0,0.1,63.343259,13.4,65.0,64.5,0.8594836
Peru,2014,Developing,8,973.728675,18,51,0,10,78.0,88.0,0.1,6491.5245,13.4,62.5,56.0,0.7940016
Peru,2013,Developing,8,946.6521165,39,56,0,11,71.0,88.0,0.1,6583.116248,13.4,73.5,54.0,0.7063008
Peru,2012,Developing,9,885.9858185,23,37,0,11,94.0,95.0,0.1,6387.785281,13.4,61.0,65.0,0.6696145
Philippines,2015,Developing,52,0.0,74,49,619,66,79.0,6.0,0.1,2878.33837,11.7,71.5,82.0,1.317185
Philippines,2014,Developing,54,31.27232188,67,52,58848,68,77.0,67.0,0.1,2842.938353,11.7,68.0,95.5,1.163869
Philippines,2013,Developing,55,24.58973399,45,73,2920,69,84.0,89.0,0.1,276.289146,11.7,68.0,61.5,1.382783
Philippines,2012,Developing,56,212.7418488,60,49,1536,71,88.0,88.0,0.1,2581.818554,11.6,70.0,70.5,1.052079
Poland,2015,Developed,2,0.0,55,49,0,2,92.0,98.0,0.1,12565.9876,16.4,74.5,62.5,1.2272
Poland,2014,Developed,2,243.808475,50,57,0,2,94.0,98.0,0.1,14341.675,16.4,67.0,78.0,1.363091
Poland,2013,Developed,2,23.43533487,40,72,84,2,95.0,99.0,0.1,1378.54911,15.4,74.5,70.0,1.594021
Poland,2012,Developed,2,230.040097,39,53,71,2,95.0,99.0,0.1,13145.1484,15.3,72.0,82.0,1.942759
Portugal,2015,Developed,0,0.0,26,43,8,0,98.0,98.0,0.1,1922.681,16.6,77.0,73.5,3.616246
Portugal,2014,Developed,0,271.2545531,22,24,0,0,98.0,98.0,0.1,2277.53613,16.8,61.5,92.0,5.867306
Portugal,2013,Developed,0,2698.01817,29,27,1,0,98.0,98.0,0.1,21618.73534,16.3,81.5,76.0,5.231698
Portugal,2012,Developed,0,331.457035,68,24,23,0,98.0,98.0,0.1,2577.4264,16.3,54.5,75.0,3.968879
Romania,2015,Developed,2,0.0,49,73,4,2,89.0,89.0,0.1,8958.788593,14.7,72.0,78.5,0.2152695
Romania,2014,Developed,2,1.576409172,50,39,59,2,94.0,94.0,0.1,12.27733,14.7,65.0,76.5,0.199334
Romania,2013,Developed,2,1230.748231,22,46,1159,2,88.0,92.0,0.1,9585.266593,14.7,75.0,77.5,0.2281966
Romania,2012,Developed,2,1078.358105,62,19,7450,2,92.0,91.0,0.1,8558.39766,15.3,66.0,70.0,0.2822033
Russian Federation,2015,Developing,13,0.0,62,66,843,15,97.0,97.0,0.1,9329.298351,15.0,70.5,71.0,0.1561393
Russian Federation,2014,Developing,13,1340.553699,33,44,4711,15,97.0,97.0,0.1,14125.961,14.9,71.0,90.0,0.1373287
Russian Federation,2013,Developing,14,1529.497771,32,62,2339,16,98.0,97.0,0.2,15543.67653,14.6,76.0,81.5,0.1163108
Russian Federation,2012,Developing,14,178.8225911,24,63,2123,16,98.0,97.0,0.3,15154.45687,14.3,63.0,76.5,0.0790329
Saudi Arabia,2015,Developing,7,0.0,20,70,219,8,97.0,98.0,0.1,2732.86172,16.1,68.0,77.5,0.0422135
Saudi Arabia,2014,Developing,7,2017.643131,23,40,154,9,98.0,98.0,0.1,24575.434,15.8,59.0,81.0,0.031886
Saudi Arabia,2013,Developing,8,2047.113102,74,44,1164,9,98.0,98.0,0.1,24934.38614,15.2,57.0,83.0,0.0301615
Saudi Arabia,2012,Developing,8,196.3808305,56,35,294,9,98.0,98.0,0.1,2533.9462,14.5,82.5,82.5,0.0321927
Senegal,2015,Developing,19,0.0,74,71,58,26,85.0,89.0,0.3,98.7256145,9.5,78.0,88.0,0.3227046
Senegal,2014,Developing,19,12.80528533,38,42,32,27,85.0,89.0,0.3,152.443873,9.1,78.0,57.5,0.2690778
Senegal,2013,Developing,20,11.8385319,45,71,17,28,89.0,92.0,0.3,148.912351,8.7,78.5,70.0,0.2588902
Senegal,2012,Developing,20,10.20659464,24,19,46,29,83.0,91.0,0.4,136.4518,8.3,78.5,74.5,0.2282826
Serbia,2015,Developing,1,0.0,56,75,383,1,95.0,95.0,0.1,5237.255334,14.4,63.0,64.5,0.4487599
Serbia,2014,Developing,1,8.617208431,73,70,37,1,93.0,93.0,0.1,62.173221,14.3,66.0,65.5,0.3846824
Serbia,2013,Developing,1,880.6403367,62,26,1,1,97.0,95.0,0.1,6353.826383,14.1,77.0,93.0,0.3413007
Serbia,2012,Developing,1,742.5109709,44,58,0,1,93.0,91.0,0.1,5659.3824,14.0,62.0,78.5,0.3111524
Sierra Leone,2015,Developing,22,0.0,44,43,607,30,86.0,86.0,0.5,587.538233,9.5,84.0,74.5,0.1273597
Sierra Leone,2014,Developing,23,1.443286353,66,21,1006,32,83.0,83.0,0.6,78.4394757,9.5,66.5,77.0,0.111462
Sierra Leone,2013,Developing,23,1.321464076,33,62,15,33,92.0,92.0,0.8,71.8186998,9.3,65.0,78.0,0.0898323
Sierra Leone,2012,Developing,25,54.56033696,72,59,678,35,91.0,91.0,0.9,561.8984239,9.1,67.0,76.5,0.0915404
Singapore,2015,Developed,0,0.0,25,31,0,0,96.0,96.0,0.1,53629.73746,15.4,76.0,72.0,5.288762
Singapore,2014,Developed,0,7971.646361,47,68,0,0,96.0,96.0,0.1,56336.7234,15.4,74.0,87.0,5.13565
Singapore,2013,Developed,0,714.3441019,43,46,138,0,97.0,97.0,0.1,5629.18914,15.4,60.5,80.0,4.607041
Singapore,2012,Developed,0,6041.858981,50,41,42,0,97.0,97.0,0.1,54431.16199,15.4,76.5,76.0,4.194717
Slovenia,2015,Developed,0,0.0,71,27,18,0,95.0,95.0,0.1,2729.86383,17.3,65.0,83.5,1.456597
Slovenia,2014,Developed,0,31.13492794,48,32,52,0,95.0,95.0,0.1,242.67286,17.6,60.5,76.0,1.418987
Slovenia,2013,Developed,0,259.7786785,37,63,1,0,95.0,95.0,0.1,2315.31799,16.8,63.5,88.0,1.516862
Slovenia,2012,Developed,0,3283.024864,26,72,2,0,96.0,96.0,0.1,22486.47167,16.8,61.0,93.5,1.647107
South Africa,2015,Developing,42,0.0,52,48,17,52,75.0,75.0,3.6,5769.77258,13.0,52.0,83.5,10.66391
South Africa,2014,Developing,42,922.0507313,23,25,66,52,77.0,77.0,3.7,6479.625659,13.0,62.0,56.0,10.63751
South Africa,2013,Developing,43,978.5905287,57,22,25,54,73.0,73.0,4.5,6876.953821,12.8,68.5,75.5,10.42977
South Africa,2012,Developing,43,1089.954838,53,21,32,56,65.0,65.0,7.6,7548.163698,12.8,60.5,74.5,9.858619
Spain,2015,Developed,1,0.0,44,64,115,1,97.0,97.0,0.1,25683.84565,17.7,79.0,69.5,2.372609
Spain,2014,Developed,1,42.98847625,22,29,154,1,97.0,97.0,0.1,296.47225,17.6,63.5,67.0,2.432864
Spain,2013,Developed,1,423.680459,42,48,131,2,96.0,96.0,0.1,2921.9342,17.5,63.5,74.5,2.527863
Spain,2012,Developed,1,4255.781693,31,18,1204,2,97.0,97.0,0.1,28562.29324,17.2,65.0,74.5,2.578414
Sri Lanka,2015,Developing,3,0.0,45,29,1568,3,99.0,99.0,0.1,3844.89123,14.0,71.0,72.5,0.4902979
Sri Lanka,2014,Developing,3,42.7308283,19,18,1686,3,99.0,99.0,0.1,382.54994,14.0,62.0,61.5,0.4304124
Sri Lanka,2013,Developing,3,41.62053588,29,18,2107,3,99.0,99.0,0.1,361.289374,13.8,65.5,75.5,0.4344854
Sri Lanka,2012,Developing,3,20.76877311,49,28,51,4,99.0,99.0,0.1,335.521375,13.7,74.0,79.0,0.4291699
Sudan,2015,Developing,58,0.0,50,30,3585,85,93.0,93.0,0.3,2513.884661,7.2,58.5,76.5,0.0118609
Sudan,2014,Developing,59,253.6086508,57,34,676,86,94.0,94.0,0.3,2176.89829,7.2,62.5,82.5,0.0128744
Sudan,2013,Developing,60,227.8353208,26,34,2813,88,93.0,93.0,0.3,1955.66799,7.0,75.0,74.0,0.0173716
Sudan,2012,Developing,61,220.522192,70,36,8523,89,92.0,92.0,0.3,1892.894352,6.8,77.5,84.5,0.0226595
Suriname,2015,Developing,0,0.0,46,60,0,0,89.0,89.0,0.4,8818.982566,12.7,66.5,82.0,0.6901349
Suriname,2014,Developing,0,1132.432517,66,26,0,0,85.0,85.0,0.4,9564.46383,12.7,64.0,71.0,0.4604321
Suriname,2013,Developing,0,1122.972967,69,65,0,0,86.0,86.0,0.4,9484.56898,12.7,79.0,72.5,0.5155801
Suriname,2012,Developing,0,1168.324095,31,56,0,0,84.0,84.0,0.9,9272.413453,12.7,74.5,87.0,0.4580413
Sweden,2015,Developed,0,0.0,31,23,22,0,98.0,98.0,0.1,5585.25847,15.9,66.5,75.0,5.219934
Sweden,2014,Developed,0,1142.212403,70,50,26,0,98.0,98.0,0.1,5918.19898,15.8,74.0,59.0,4.902327
Sweden,2013,Developed,0,1212.666327,66,71,51,0,98.0,98.0,0.1,6283.24522,15.8,55.5,64.5,5.25737
Sweden,2012,Developed,0,10947.02327,42,64,30,0,98.0,98.0,0.1,57134.777,15.8,68.0,59.5,4.93368
Switzerland,2015,Developed,0,0.0,33,21,35,0,97.0,97.0,0.1,8989.8424,16.0,74.5,51.5,4.830324
Switzerland,2014,Developed,0,19479.91161,29,26,23,0,96.0,96.0,0.1,85814.58857,15.9,62.0,71.0,4.851223
Switzerland,2013,Developed,0,19099.04506,35,26,175,0,96.0,96.0,0.1,84658.88768,15.8,73.5,92.0,4.944435
Switzerland,2012,Developed,0,18379.32974,41,61,61,0,96.0,96.0,0.1,83164.38795,15.7,54.5,98.0,4.796105
Thailand,2015,Developing,8,0.0,73,47,154,9,99.0,99.0,0.1,5814.863134,13.6,58.0,70.5,3.838548
Thailand,2014,Developing,8,789.0772949,67,54,0,10,99.0,99.0,0.1,5941.8471,13.6,69.5,65.5,3.726557
Thailand,2013,Developing,9,788.6873403,59,71,2641,10,99.0,99.0,0.1,6171.262444,13.6,64.5,78.5,3.376539
Thailand,2012,Developing,9,801.0504655,70,62,5197,11,99.0,99.0,0.1,5859.915622,13.7,74.0,82.5,3.118893
Togo,2015,Developing,13,0.0,62,33,20,20,88.0,88.0,1.0,551.138346,12.0,55.5,69.0,0.7976809
Togo,2014,Developing,13,4.877350139,45,41,577,20,85.0,87.0,1.0,62.1318489,12.0,78.5,75.0,0.8699035
Togo,2013,Developing,14,48.73047089,61,48,564,20,84.0,84.0,1.5,579.43485,12.0,66.0,82.0,0.7703059
Togo,2012,Developing,14,41.60027954,30,28,238,21,84.0,84.0,1.7,563.6894247,12.0,70.5,67.0,0.7809858
Trinidad and Tobago,2015,Developing,0,0.0,45,71,0,0,88.0,96.0,0.3,17321.83373,12.7,80.0,61.5,2.147587
Trinidad and Tobago,2014,Developing,0,1578.872339,49,72,0,0,94.0,92.0,0.3,19325.24283,12.7,67.5,53.5,1.190127
Trinidad and Tobago,2013,Developing,0,167.2657906,73,64,0,0,94.0,92.0,0.3,1967.83283,12.7,56.5,71.5,1.53782
Trinidad and Tobago,2012,Developing,0,1486.236406,40,52,0,0,91.0,92.0,0.4,19152.531,12.6,64.0,92.0,1.500443
Tunisia,2015,Developing,3,0.0,69,74,16,3,98.0,98.0,0.1,3828.91589,14.6,79.0,68.0,0.4179003
Tunisia,2014,Developing,3,604.8701316,19,63,15,3,98.0,98.0,0.1,4271.68172,14.7,53.0,74.0,0.3099526
Tunisia,2013,Developing,3,594.6453102,24,41,16,3,98.0,98.0,0.1,4199.47253,14.7,75.5,67.5,0.3026879
Tunisia,2012,Developing,3,585.8776761,21,20,48,3,97.0,97.0,0.1,4137.55421,14.6,59.5,75.0,0.2946205
Turkey,2015,Developing,15,0.0,61,58,342,18,97.0,97.0,0.1,1979.52569,14.5,64.0,86.5,0.1599685
Turkey,2014,Developing,16,181.9083783,46,51,565,19,96.0,96.0,0.1,12127.22522,14.5,71.0,81.5,0.159599
Turkey,2013,Developing,17,188.1440348,39,28,7405,20,98.0,98.0,0.1,12542.93565,14.4,64.0,72.0,0.186086
Turkey,2012,Developing,19,20.75120211,61,71,349,22,97.0,97.0,0.1,1172.3843,14.3,77.0,81.0,0.1713736
Uganda,2015,Developing,66,0.0,50,24,478,93,82.0,78.0,3.1,693.8963829,10.0,79.0,84.0,0.0995778
Uganda,2014,Developing,68,14.16770158,57,66,314,97,82.0,78.0,3.2,719.172669,10.0,64.0,75.5,0.0681081
Uganda,2013,Developing,71,90.76144414,70,49,7878,103,82.0,78.0,4.0,662.492293,10.0,78.5,64.0,0.0614269
Uganda,2012,Developing,73,92.88697859,37,54,2027,109,82.0,78.0,4.6,647.74741,10.0,57.0,79.5,0.0506485
Ukraine,2015,Developing,4,0.0,63,47,105,5,51.0,23.0,0.2,2124.662666,15.3,82.0,80.5,0.1099626
Ukraine,2014,Developing,4,5.663849328,70,61,0,5,45.0,23.0,0.2,314.658296,15.2,73.0,90.0,0.1361009
Ukraine,2013,Developing,4,52.42529588,45,34,0,5,72.0,76.0,0.2,429.71554,15.2,55.0,76.5,0.1690359
Ukraine,2012,Developing,5,453.7830847,69,68,12746,5,72.0,76.0,0.2,3855.42128,15.1,68.0,82.0,0.1288253
United Arab Emirates,2015,Developing,1,0.0,51,74,347,1,99.0,99.0,0.1,3911.74689,13.3,64.0,72.5,0.7214515
United Arab Emirates,2014,Developing,1,3862.68271,51,27,344,1,99.0,99.0,0.1,44449.7435,13.3,53.0,65.5,0.5839575
United Arab Emirates,2013,Developing,1,377.2009132,30,37,0,1,98.0,98.0,0.1,4335.64268,13.3,70.5,78.0,0.490739
United Arab Emirates,2012,Developing,1,3663.764502,18,75,132,1,96.0,96.0,0.1,42112.23565,13.3,58.0,70.0,0.4331555
Uruguay,2015,Developing,0,0.0,67,23,0,0,95.0,95.0,0.1,15524.84247,15.5,78.5,57.0,0.8017176
Uruguay,2014,Developing,0,463.6397821,53,46,0,0,95.0,95.0,0.1,16737.89827,15.5,61.0,87.0,0.6717282
Uruguay,2013,Developing,0,482.8039445,64,45,0,0,94.0,94.0,0.1,16881.2568,15.5,71.0,87.5,0.6025947
Uruguay,2012,Developing,0,339.7190493,69,18,0,0,95.0,95.0,0.1,1592.6819,15.5,68.5,69.0,0.5458754
Uzbekistan,2015,Developing,15,0.0,33,38,22,17,99.0,99.0,0.1,2137.576852,12.1,72.0,55.5,0.0158465
Uzbekistan,2014,Developing,16,0.442802404,29,64,8,18,99.0,99.0,0.1,25.448414,12.1,58.5,72.5,0.0121448
Uzbekistan,2013,Developing,17,19.1624696,34,31,0,19,99.0,99.0,0.1,197.551233,12.0,70.5,60.5,0.0081887
Uzbekistan,2012,Developing,18,16.71406295,72,43,0,21,99.0,99.0,0.1,174.468298,12.0,81.0,64.0,0.0073427
Zambia,2015,Developing,27,0.0,34,42,9,40,9.0,9.0,4.1,1313.889646,12.5,73.5,70.5,0.3913834
Zambia,2014,Developing,28,196.6675768,37,43,9,41,78.0,86.0,4.3,1738.8822,12.5,64.0,64.5,0.344746
Zambia,2013,Developing,29,20.62306285,51,46,35,42,74.0,79.0,4.8,185.793359,12.5,76.0,60.0,0.3276101
Zambia,2012,Developing,29,196.9152496,42,42,896,43,7.0,78.0,5.6,1734.93612,12.3,72.0,75.0,0.3491704
